<Anims>
 <anim name="idle" root="lightning_rod_placer" numframes="125" framerate="40">
  <frame idx="0" w="2280" h="2280" x="-189.450394" y="-189.400391">
   <element name="firefighter_placement01" layername="firefighter_placemen" frame="0" z_index="1" m_a="1.000000" m_b="0.000000" m_c="0.000000" m_d="1.000000" m_tx="0.200000" m_ty="0.250000"/>
  </frame>
  <frame idx="25" w="2280" h="2280" x="-189.450394" y="-189.400391">
   <element name="firefighter_placement01" layername="firefighter_placemen" frame="0" z_index="1" m_a="1.000000" m_b="0.000000" m_c="0.000000" m_d="1.000000" m_tx="0.200000" m_ty="0.250000"/>
  </frame>
  <frame idx="50" w="2280" h="2280" x="-189.450394" y="-189.400391">
   <element name="firefighter_placement01" layername="firefighter_placemen" frame="0" z_index="1" m_a="1.000000" m_b="0.000000" m_c="0.000000" m_d="1.000000" m_tx="0.200000" m_ty="0.250000"/>
  </frame>
  <frame idx="75" w="2280" h="2280" x="-189.450394" y="-189.400391">
   <element name="firefighter_placement01" layername="firefighter_placemen" frame="0" z_index="1" m_a="1.000000" m_b="0.000000" m_c="0.000000" m_d="1.000000" m_tx="0.200000" m_ty="0.250000"/>
  </frame>
  <frame idx="100" w="2280" h="2280" x="-189.450394" y="-189.400391">
   <element name="firefighter_placement01" layername="firefighter_placemen" frame="0" z_index="1" m_a="1.000000" m_b="0.000000" m_c="0.000000" m_d="1.000000" m_tx="0.200000" m_ty="0.250000"/>
  </frame>
 </anim>
</Anims>
